taxonomy,name,id
instrumentation_metadata,voice,8e2e9195-b52b-448b-ba9f-06dc7eba9de7
instrumentation_metadata,piano,2404b88b-07b7-47e5-aa56-844a51ee2fdb
instrumentation_metadata,duet,1f096059-bc5f-4831-af41-8abd34bdbe52
instrumentation_metadata,satb,9cd05624-69cf-407a-bfb0-976817e7bdd2
instrumentation_metadata,chorus,c842df8b-bac6-4d5a-9c8a-ad37453ff79b
instrumentation_metadata,flute,4e0dfdd8-3dd7-4c09-939e-94a7f0a3ed42
instrumentation_metadata,part,1e468aa6-c5d1-47b5-ac18-4492feee5ca8
instrumentation_metadata,solo,319d3e1c-32bf-45ec-a270-0ebf5d40e13d
instrumentation_metadata,voices,0b641105-218a-4ea6-a0c6-3f79cb5dbc94
instrumentation_metadata,treble,1477281c-300e-4be2-b9de-04c3ff2720cb
instrumentation_metadata,bass,53e0f213-0fca-47f3-8da0-d8233aadc8f0
instrumentation_metadata,clarinet,9af82332-d49f-4f89-89b2-65cf40c4e184
instrumentation_metadata,clarinets,f48a4c19-86bb-411d-ad16-d9c6703c3513
instrumentation_metadata,pianoharpsichord,9bebb4fe-292a-4e17-8fbe-e19103b01b2e
instrumentation_metadata,violin,d2fcc377-bf3f-4dbe-a14d-00be1d9a1f9c
instrumentation_metadata,harpsichord,e195f8c6-dc65-477f-b8da-2a840b528329
instrumentation_metadata,instruments,fb9e3857-6205-4617-900a-de417f9911c1
instrumentation_metadata,parts,a639198e-9572-46cb-a69c-2a2dbf5c5769
instrumentation_metadata,band,ac0d0e3a-275d-4d74-a0ff-c8f25e663b16
instrumentation_metadata,flutes,038771a1-fc16-4c7c-bffc-d3a3d8b0e3fa
instrumentation_metadata,violins,eed7e2dc-728b-41b9-99f3-eefc3aaefea3
instrumentation_metadata,clarinetts,ba4762f1-9ae2-4e77-885b-1bc163960f7c
instrumentation_metadata,guittars,64cfd66a-56d5-45eb-9ca3-2f77fe3c2c9f
instrumentation_metadata,3part,ad7ee9e6-1cd2-4c14-9d34-53c244434f4a
instrumentation_metadata,cappella,adea685c-a2c9-4c15-b680-bcc627607995
instrumentation_metadata,keyboard,4e7ad456-d8d0-412d-8dd2-7a33c782a0fa
instrumentation_metadata,mens,67281611-e8d8-43ac-bc7e-531032fbbc09
instrumentation_metadata,trumpet,0814ef16-7d4d-4898-bf9f-0581479be0cf
instrumentation_metadata,horns,f2568c1b-1106-4a8b-a4e4-f83ca45b18d1
instrumentation_metadata,bugle,fb32144f-37ef-42eb-a207-07fe08e9c13e
instrumentation_metadata,guitar,05b81344-4385-4902-b60b-d33ad07d418e
instrumentation_metadata,trio,a02c920f-9029-463b-a26e-97a8ef3e882f
instrumentation_metadata,choir,e73c0f5c-b5e7-4b49-bccb-bf37bdc69313
instrumentation_metadata,recitative,b5566683-1801-4b85-83b5-4554e3ec9c1d
instrumentation_metadata,duett,1b3b9f2f-018d-47ab-9aa9-dede37dbfd5f
instrumentation_metadata,mixed,554ac6b1-706e-4494-bc01-b622a0afb312
instrumentation_metadata,fourpart,774058d6-a155-478f-ab38-4fc0e4860d7c
instrumentation_metadata,quartet,ee00ebff-d29b-4437-b2e6-25731b74e6aa
instrumentation_metadata,cornet,9de38475-09b2-435a-8516-cbcd51816446
instrumentation_metadata,obligato,37f554d2-18b3-4132-abcf-cd4b4399f3d5
instrumentation_metadata,vocal,a7d916a5-6064-46ec-aef8-311ef946e416
instrumentation_metadata,orchestra,20625229-9c9b-4b21-ad53-75d18920afee
instrumentation_metadata,ukulele,39a81324-3d27-4f1d-8c71-776668f59747
instrumentation_metadata,banjo,412957cc-cc96-4982-a2a3-8222e0c75347
instrumentation_metadata,men,ed1cb13d-c765-49a8-adea-e816c28cb917
instrumentation_metadata,solos,1f32d53d-86e6-41f8-84c4-ecb4549b1a44
instrumentation_metadata,string,0e0bf603-061b-4cf4-9a48-24cf2c205aa7
instrumentation_metadata,fourhands,18850f4a-f712-4684-b346-38c3fa707dc4
instrumentation_metadata,harp,0620055f-c6e1-4b6c-b0d7-df6bcda75d2c
instrumentation_metadata,4part,b0792d01-04d5-42b3-9c1a-f710c5e3e303
instrumentation_metadata,woodwind,46c4ac40-0bc0-4010-bb9f-5c4ebe5f6cbd
instrumentation_metadata,brass,f32c5695-5095-480a-a0fb-8faae0b2be16
instrumentation_metadata,quintet,526f165b-62c4-4963-b574-28715b10994e
instrumentation_metadata,soprano,6412b554-03c3-46fa-8caf-8c7bc7c6b44b
instrumentation_metadata,tenor,91356e21-de5a-4ea0-8246-d8aa9e752027
instrumentation_metadata,ttbb,16d46da9-3e9f-4f83-8886-f1a574b44746
instrumentation_metadata,handbells,ea89a2cb-8b62-46eb-9284-7f532b201103
instrumentation_metadata,fourhand,90b5e3fc-ebf0-42cb-916d-100bfa4a4ae9
instrumentation_metadata,pianos,a74b5608-4965-4053-b163-0590048f4cb8
instrumentation_metadata,stb,1b1b54bc-c82f-4336-9e09-28496bf78802
instrumentation_metadata,chamber,68d74bbe-d211-4931-b9d3-c1af479d2612
instrumentation_metadata,trombone,9d7ebc8c-689b-4929-9fe6-cb4c79f6eb01
instrumentation_metadata,timpani,9f2e63d9-c74e-47be-ac86-59945323212f
instrumentation_metadata,viola,65974e04-9629-43b0-9443-2780b51f6007
instrumentation_metadata,oboe,0003756c-1a18-4bd4-b216-1e6b720abe56
instrumentation_metadata,bassoon,cbe129aa-4f4e-4a97-a615-9659675db158
instrumentation_metadata,trumpets,3069102a-86b1-4821-b167-ad416cf60f38
instrumentation_metadata,bassoons,c6196bee-bdce-4ed0-9c2d-d3aa34e1d738
instrumentation_metadata,fivepart,74999eb5-02c5-4f64-8ec1-e993318091c1
instrumentation_metadata,threepart,cd46e86a-9c68-420a-acdd-6dbcfe41332c
instrumentation_metadata,ssatbb,11201f86-4b20-4720-a890-8053d4cbf798
instrumentation_metadata,ttb,fdefb3aa-6108-4e10-b327-dacf611cd9dc
instrumentation_metadata,sattb,e46e720f-9f34-458f-813a-a8246abd0a03
instrumentation_metadata,chromatic,92094c41-e71a-4770-8ed5-8fc993fd1bf8
instrumentation_metadata,drum,a7aec391-348e-4823-ad7b-ea92eaedcb13
instrumentation_metadata,cadenza,03b6b4d1-8baf-4e85-bcb9-7af1a7e6383d
instrumentation_metadata,hands,aa53c1a5-6460-4259-b161-2543ae0ad0ea
instrumentation_metadata,tatb,88679a20-3425-4959-a524-76aaf1f3a6a9
instrumentation_metadata,guittar,812ad3fb-8b5c-45a7-8de3-7eca0e6787e9
instrumentation_metadata,guitars,4c972971-ab5f-468f-8515-6dc46f060c05
instrumentation_metadata,pianoharp,99db02fc-6b80-4b53-98f6-624325ad1a1b
instrumentation_metadata,instrument,e486c64f-19dd-4f64-a218-c62f8b2faf5f
instrumentation_metadata,contralto,1f8bc1d6-4345-42bd-bfaa-8ee153c352c4
instrumentation_metadata,baritone,698016c4-6341-474f-98ba-56a24e6340b6
instrumentation_metadata,alto,a66a25da-acec-4e31-98e8-4a813cb7b379
instrumentation_metadata,pianoorgan,79b0a975-9136-4638-a518-5a5aabb8813a
instrumentation_metadata,mandolin,490e91cc-f344-4d93-8889-d036cf0e5575
instrumentation_metadata,fluteharp,986d64b1-a962-4b70-a830-c3f61b108f29
instrumentation_metadata,sixstring,893565a0-ebbb-4321-9dc6-8889ab0604bf
instrumentation_metadata,dance,4d6b7db7-0309-478b-923f-1e22bf59901a
instrumentation_metadata,interlude,d1481464-c3b9-4084-86de-178047f4deb1
instrumentation_metadata,cello,add5806f-d02f-4e10-b0b7-efd3d4f1c206
instrumentation_metadata,mandolins,ebfed007-94bc-4ec5-98c2-2de82776d150
instrumentation_metadata,saxophone,e191a4ec-b11e-47af-b449-e5d25596090b
instrumentation_metadata,mezzo,bee2c468-7c7e-446a-9a8d-9a9a518ec1d8
instrumentation_metadata,4hands,a3cd9f82-87db-4ccc-871d-52e82a7c4c2c
instrumentation_metadata,horn,401866ea-f088-430c-8503-fbf0813833a7
instrumentation_metadata,mezzosoprano,eb5cfc43-960a-41be-a4a5-eaeff58bb3c4
instrumentation_metadata,tttb,b49fb306-2487-4bc2-ba1d-26ab7cf399dd
instrumentation_metadata,ttab,2d5d21cd-9615-4193-a997-2888e8e217b0
instrumentation_metadata,threevoice,2c9629a6-d65e-48d3-9d22-180c7d6518aa
instrumentation_metadata,cadenzas,7c643f3b-7e3f-4e87-8afa-e307cc99d515
instrumentation_metadata,interludes,114d4e6f-0a36-4ba5-afba-6557d78ed7f4
instrumentation_metadata,medium,11934bf2-ff7b-4a06-bc05-8ba7aba63863
instrumentation_metadata,banjulele,2c69e836-ad4f-4af9-a2a0-7bed04b3d1d4
instrumentation_metadata,chords,0ea00622-b7c8-430b-b4ad-bb72cea9cc65
instrumentation_metadata,tenorguitar,5de5e34d-8c93-4d1a-9746-3ae34bcb6534
instrumentation_metadata,voiceguitar,09e9aa6f-24ec-4e14-8de6-cddb62abe96d
instrumentation_metadata,choral,3b4bab9d-4deb-4cfe-be1f-80cc280ae16c
instrumentation_metadata,quartette,9f2f3012-0781-445b-acd2-8fa54628532c
instrumentation_metadata,violoncello,d3c258a1-3df3-4709-a145-8852dca9ebef
instrumentation_metadata,twopart,b2c9628b-a004-4be1-9279-af39fc6fb68a
instrumentation_metadata,cornets,b9b3bf56-da51-43bc-a76e-c9e779cbe5ea
instrumentation_metadata,drums,a74637dd-d1eb-4698-b361-58253e23250e
instrumentation_metadata,baritones,f8535c8e-edb9-4b74-8daf-52eabef6c1ae
instrumentation_metadata,reed,b77954d1-dd6c-410b-896e-ba8248b6c65c
instrumentation_metadata,duets,6ff447a7-f74b-45ac-8df5-754205d75871
instrumentation_metadata,bells,14226901-8790-414e-a6a6-cc28fca7a759
instrumentation_metadata,ssattb,36ae9186-f1c2-4b3b-ac02-a941070a2d76
instrumentation_metadata,harmonium,32152d8d-eda1-4be8-bae7-be72c2d13c5b
instrumentation_metadata,tiefe,edc6b2c3-d616-413f-a32f-ab6f1d1bd1f3
instrumentation_metadata,steel,1a0d7356-7dc3-4db3-98c1-43c12babd7e5
instrumentation_metadata,instrumental,4c57dd17-83cb-49e3-80f2-7896c5576808
instrumentation_metadata,ensemble,0789d602-48b1-46b8-a5a1-46392f419483
instrumentation_metadata,accordion,62bd8995-a8b0-44cb-a1a6-69dd4a6a705c
instrumentation_metadata,performers,a8b783a4-d0e3-483d-a9ea-3d4fcfe36942
instrumentation_metadata,tambourine,5f2bc73b-69e6-4b49-9c87-4b00e0842c6b
instrumentation_metadata,concertina,4f3225e5-968e-4a24-b04c-e5a413f63161
instrumentation_metadata,clavichord,6bcfee60-83c8-4c8b-a5b2-46b27f873cc4
instrumentation_metadata,sixhands,2202df99-4221-4108-8209-b16923b57f4e
instrumentation_metadata,sop,33a5aab9-4920-42ef-8b98-1aae87d795af
instrumentation_metadata,ukuleles,2f335220-2443-4d78-8f90-b5bab844ef7c
instrumentation_metadata,saxophones,45523272-0cfc-464d-8c57-3d601e4039c5
instrumentation_metadata,performer,3e971ae5-1626-4505-9c52-8a8701e5020d
instrumentation_metadata,winds,02e02e6c-3fa0-472f-81d5-b1c9f2f5b48d
instrumentation_metadata,clarinett,acd2c238-9857-488b-bb74-49702c65b4ed
instrumentation_metadata,wind,a1a6fd0f-72ba-430a-b17a-b2269aa05ffc
instrumentation_metadata,tbb,327982d9-577e-4c97-9924-381df4d6bbf8
instrumentation_metadata,symbols,3c837e3b-4fa2-4390-ae42-98d36cfc99a6
instrumentation_metadata,tenor-guitar,9c911b4e-9165-43ae-95b6-a7531e967ad6
